RefSeq,Uniprot,Species,David Gene Name
NP_150630,90338,Homo sapiens,zinc finger protein 160
NP_009017,11169,Homo sapiens,WD repeat and HMG-box DNA binding protein 1
NP_006451,10614,Homo sapiens,hexamethylene bis-acetamide inducible 1
NP_055408,30827,Homo sapiens,CXXC finger 1 (PHD domain)
NP_006456,10620,Homo sapiens,AT rich interactive domain 3B (BRIGHT-like)
NP_005095,6046,Homo sapiens,bromodomain containing 2
NP_055403,30813,Homo sapiens,visual system homeobox 1
NP_068834,11179,Homo sapiens,zinc finger protein 277
NP_001560,3654,Homo sapiens,interleukin-1 receptor-associated kinase 1
NP_006242,5562,Homo sapiens,"protein kinase, AMP-activated, alpha 1 catalytic subunit"
NP_000035,367,Homo sapiens,androgen receptor
NP_000034,355,Homo sapiens,"Fas (TNF receptor superfamily, member 6)"
NP_001562,3661,Homo sapiens,interferon regulatory factor 3
NP_006654,10848,Homo sapiens,"protein phosphatase 1, regulatory (inhibitor) subunit 13 like"
NP_036580,6777,Homo sapiens,signal transducer and activator of transcription 5B
NP_006449,10612,Homo sapiens,tripartite motif-containing 3
NP_001558,3636,Homo sapiens,inositol polyphosphate phosphatase-like 1
NP_000029,324,Homo sapiens,adenomatous polyposis coli
NP_003400,7541,Homo sapiens,zinc finger protein 161 homolog (mouse)
NP_006259,5977,Homo sapiens,"D4, zinc and double PHD fingers family 2"
NP_004281,9604,Homo sapiens,ring finger protein 14
NP_006448,10611,Homo sapiens,PDZ and LIM domain 5
NP_006054,10324,Homo sapiens,kelch repeat and BTB (POZ) domain containing 10
NP_064706,4335,Homo sapiens,MAX binding protein
NP_001547,3551,Homo sapiens,"inhibitor of kappa light polypeptide gene enhancer in B-cells, kinase beta"
NP_066986,57786,Homo sapiens,hypothetical LOC389458; RB-associated KRAB zinc finger
NP_066986,389458,Homo sapiens,hypothetical LOC389458; RB-associated KRAB zinc finger
NP_003418,7629,Homo sapiens,zinc finger protein 76 (expressed in testis)
NP_036320,2299,Homo sapiens,forkhead box I1
NP_006226,5450,Homo sapiens,POU class 2 associating factor 1
NP_003416,7596,Homo sapiens,zinc finger protein 45
NP_065162,57154,Homo sapiens,SMAD specific E3 ubiquitin protein ligase 1
NP_003413,7593,Homo sapiens,myeloid zinc finger 1
NP_127493,100093631,Homo sapiens,"general transcription factor II, i; general transcription factor II, i, pseudogene"
NP_127493,2969,Homo sapiens,"general transcription factor II, i; general transcription factor II, i, pseudogene"
NP_653254,138151,Homo sapiens,"NACC family member 2, BEN and BTB (POZ) domain containing"
NP_057688,51780,Homo sapiens,lysine (K)-specific demethylase 3B
NP_038460,4796,Homo sapiens,nuclear factor of kappa light polypeptide gene enhancer in B-cells inhibitor-like 2
NP_075383,65094,Homo sapiens,jumonji domain containing 4
NP_001537,3400,Homo sapiens,"inhibitor of DNA binding 4, dominant negative helix-loop-helix protein"
NP_079108,79890,Homo sapiens,Ras and Rab interactor 3
NP_079109,79891,Homo sapiens,zinc finger protein 671
NP_940944,374928,Homo sapiens,zinc finger protein 773
NP_671723,91012,Homo sapiens,"LAG1 homolog, ceramide synthase 5"
NP_775751,126295,Homo sapiens,zinc finger protein 57
NP_003422,7678,Homo sapiens,zinc finger protein 124
NP_065864,57573,Homo sapiens,zinc finger protein 471
NP_671725,127343,Homo sapiens,diencephalon/mesencephalon homeobox 1
NP_066993,57801,Homo sapiens,hairy and enhancer of split 4 (Drosophila)
NP_005565,4005,Homo sapiens,LIM domain only 2 (rhombotin-like 1)
NP_003407,7553,Homo sapiens,zinc finger protein 7
NP_038476,11177,Homo sapiens,"bromodomain adjacent to zinc finger domain, 1A"
NP_003409,7555,Homo sapiens,"CCHC-type zinc finger, nucleic acid binding protein"
NP_660334,166793,Homo sapiens,zinc finger protein 509
NP_003402,7543,Homo sapiens,"zinc finger protein, X-linked"
NP_003402,7544,Homo sapiens,"zinc finger protein, Y-linked"
NP_003403,7545,Homo sapiens,"Zic family member 1 (odd-paired homolog, Drosophila)"
NP_038478,29994,Homo sapiens,"bromodomain adjacent to zinc finger domain, 2B"
NP_003405,10308,Homo sapiens,zinc finger protein 267
NP_006421,10575,Homo sapiens,"chaperonin containing TCP1, subunit 4 (delta)"
NP_006617,10773,Homo sapiens,zinc finger and BTB domain containing 6
NP_006615,10771,Homo sapiens,"zinc finger, MYND domain containing 11"
NP_079316,80110,Homo sapiens,zinc finger protein 614
NP_001528,3281,Homo sapiens,heat shock factor binding protein 1
NP_037457,23192,Homo sapiens,ATG4 autophagy related 4 homolog B (S. cerevisiae)
NP_055630,9862,Homo sapiens,mediator complex subunit 24
NP_659448,219749,Homo sapiens,zinc finger protein 25
NP_065879,140612,Homo sapiens,zinc finger protein 28 homolog (mouse)
NP_079116,79898,Homo sapiens,zinc finger protein 613
NP_001521,3091,Homo sapiens,"hypoxia inducible factor 1, alpha subunit (basic helix-loop-helix transcription factor)"
NP_003411,7584,Homo sapiens,zinc finger protein 35
NP_006229,5467,Homo sapiens,peroxisome proliferator-activated receptor delta
NP_001529,3299,Homo sapiens,heat shock transcription factor 4
NP_006283,7251,Homo sapiens,tumor susceptibility gene 101
NP_001312,1466,Homo sapiens,cysteine and glycine-rich protein 2
NP_008904,7580,Homo sapiens,zinc finger protein 32
NP_579877,7468,Homo sapiens,Wolf-Hirschhorn syndrome candidate 1
NP_003642,8531,Homo sapiens,cold shock domain protein A; cold shock domain protein A pseudogene 1
NP_003642,440359,Homo sapiens,cold shock domain protein A; cold shock domain protein A pseudogene 1
NP_003440,7726,Homo sapiens,tripartite motif-containing 26
NP_006006,8289,Homo sapiens,AT rich interactive domain 1A (SWI-like)
NP_005588,4782,Homo sapiens,nuclear factor I/C (CCAAT-binding transcription factor)
NP_003441,7727,Homo sapiens,zinc finger protein 174
NP_660331,162979,Homo sapiens,zinc finger protein 296
NP_003634,8521,Homo sapiens,glial cells missing homolog 1 (Drosophila)
NP_003445,7752,Homo sapiens,zinc finger protein 200
NP_659499,221302,Homo sapiens,zinc finger with UFM1-specific peptidase domain
NP_001510,2972,Homo sapiens,"BRF1 homolog, subunit of RNA polymerase III transcription initiation factor IIIB (S. cerevisiae)"
NP_056509,27153,Homo sapiens,zinc finger protein 777
NP_055643,9878,Homo sapiens,TOX high mobility group box family member 4
NP_006297,8243,Homo sapiens,structural maintenance of chromosomes 1A
NP_006296,723972,Homo sapiens,"hepatopoietin PCn127; acidic (leucine-rich) nuclear phosphoprotein 32 family, member A"
NP_006296,8125,Homo sapiens,"hepatopoietin PCn127; acidic (leucine-rich) nuclear phosphoprotein 32 family, member A"
NP_068804,8431,Homo sapiens,"nuclear receptor subfamily 0, group B, member 2"
NP_690599,121340,Homo sapiens,Sp7 transcription factor
NP_000465,7291,Homo sapiens,twist homolog 1 (Drosophila)
NP_005777,10194,Homo sapiens,teashirt zinc finger homeobox 1
NP_000466,190,Homo sapiens,"nuclear receptor subfamily 0, group B, member 1"
NP_003426,7693,Homo sapiens,zinc finger protein 134
NP_003630,8517,Homo sapiens,"inhibitor of kappa light polypeptide gene enhancer in B-cells, kinase gamma"
NP_660314,146542,Homo sapiens,zinc finger protein 688; zinc finger protein 785
NP_660314,146540,Homo sapiens,zinc finger protein 688; zinc finger protein 785
NP_068808,9464,Homo sapiens,heart and neural crest derivatives expressed 2
NP_005578,4205,Homo sapiens,myocyte enhancer factor 2A
NP_036348,11043,Homo sapiens,midline 2
NP_003624,8507,Homo sapiens,ectodermal-neural cortex (with BTB-like domain)
NP_001508,2968,Homo sapiens,"general transcription factor IIH, polypeptide 4, 52kDa"
NP_005769,10181,Homo sapiens,RNA binding motif protein 5
NP_005768,10180,Homo sapiens,RNA binding motif protein 6
NP_006013,8848,Homo sapiens,"TSC22 domain family, member 1"
NP_006687,10902,Homo sapiens,bromodomain containing 8
NP_001505,2959,Homo sapiens,general transcription factor IIB
NP_079345,80139,Homo sapiens,zinc finger protein 703
NP_068810,5970,Homo sapiens,v-rel reticuloendotheliosis viral oncogene homolog A (avian)
NP_005515,3280,Homo sapiens,"hairy and enhancer of split 1, (Drosophila)"
NP_076924,63973,Homo sapiens,neurogenin 2
NP_710155,162239,Homo sapiens,zinc finger protein 1 homolog (mouse)
NP_056103,23338,Homo sapiens,PHD finger protein 15
NP_998761,121643,Homo sapiens,forkhead box N4
NP_068815,10133,Homo sapiens,optineurin
NP_000050,675,Homo sapiens,"breast cancer 2, early onset"
NP_036368,22955,Homo sapiens,sex comb on midleg homolog 1 (Drosophila)
NP_036366,23429,Homo sapiens,RING1 and YY1 binding protein
NP_660303,130497,Homo sapiens,odd-skipped related 1 (Drosophila)
NP_036363,7799,Homo sapiens,"PR domain containing 2, with ZNF domain"
NP_054778,28984,Homo sapiens,chromosome 13 open reading frame 15
NP_003458,7852,Homo sapiens,chemokine (C-X-C motif) receptor 4
NP_003457,7849,Homo sapiens,paired box 8
NP_003466,8045,Homo sapiens,Ras association (RalGDS/AF-6) domain family (N-terminal) member 7
NP_000440,5993,Homo sapiens,"regulatory factor X, 5 (influences HLA class II expression)"
NP_003657,8548,Homo sapiens,basic leucine zipper nuclear factor 1
NP_776192,286075,Homo sapiens,zinc finger protein 707
NP_000048,641,Homo sapiens,"Bloom syndrome, RecQ helicase-like"
NP_000239,4286,Homo sapiens,microphthalmia-associated transcription factor
NP_005506,3110,Homo sapiens,motor neuron and pancreas homeobox 1
NP_536858,5777,Homo sapiens,"protein tyrosine phosphatase, non-receptor type 6"
NP_055683,9921,Homo sapiens,ring finger protein 10
NP_057654,51290,Homo sapiens,ERGIC and golgi 2
NP_694563,124961,Homo sapiens,zinc finger protein 3 homolog (mouse)
NP_000042,651610,Homo sapiens,"similar to Serine-protein kinase ATM (Ataxia telangiectasia mutated) (A-T, mutated); ataxia telangiectasia mutated"
NP_000042,472,Homo sapiens,"similar to Serine-protein kinase ATM (Ataxia telangiectasia mutated) (A-T, mutated); ataxia telangiectasia mutated"
NP_006277,7029,Homo sapiens,transcription factor Dp-2 (E2F dimerization partner 2)
NP_003447,7755,Homo sapiens,zinc finger protein 205
NP_003446,7753,Homo sapiens,zinc finger protein 202
NP_009005,11151,Homo sapiens,"coronin, actin binding protein, 1A"
NP_003448,7756,Homo sapiens,zinc finger protein 207
NP_003649,8538,Homo sapiens,BARX homeobox 2
NP_005789,283518,Homo sapiens,potassium channel regulator
NP_005789,10206,Homo sapiens,tripartite motif-containing 13
NP_000452,7068,Homo sapiens,"thyroid hormone receptor, beta (erythroblastic leukemia viral (v-erb-a) oncogene homolog 2, avian)"
NP_003452,7791,Homo sapiens,zyxin
NP_055677,9915,Homo sapiens,aryl-hydrocarbon receptor nuclear translocator 2
NP_071388,11083,Homo sapiens,death inducer-obliterator 1
NP_005512,3195,Homo sapiens,T-cell leukemia homeobox 1
NP_004493,3217,Homo sapiens,homeobox B7
NP_878918,23224,Homo sapiens,"spectrin repeat containing, nuclear envelope 2"
NP_004494,3223,Homo sapiens,homeobox C6
NP_009098,9204,Homo sapiens,"hypothetical LOC100130633; zinc finger, MYM-type 6"
NP_009098,100130633,Homo sapiens,"hypothetical LOC100130633; zinc finger, MYM-type 6"
NP_079176,79960,Homo sapiens,PHD finger protein 17
NP_056161,23503,Homo sapiens,"zinc finger, FYVE domain containing 26"
NP_620116,581,Homo sapiens,BCL2-associated X protein
NP_002341,4067,Homo sapiens,v-yes-1 Yamaguchi sarcoma viral related oncogene homolog
NP_004483,2958,Homo sapiens,"general transcription factor IIA, 2, 12kDa"
NP_932070,637,Homo sapiens,BH3 interacting domain death agonist
NP_079186,79970,Homo sapiens,zinc finger family member 767
NP_056943,2957,Homo sapiens,"general transcription factor IIA, 1, 19/37kDa"
NP_003212,7021,Homo sapiens,transcription factor AP-2 beta (activating enhancer binding protein 2 beta)
NP_001343,1628,Homo sapiens,D site of albumin promoter (albumin D-box) binding protein
NP_003211,7020,Homo sapiens,transcription factor AP-2 alpha (activating enhancer binding protein 2 alpha)
NP_003213,7022,Homo sapiens,transcription factor AP-2 gamma (activating enhancer binding protein 2 gamma)
NP_777605,284346,Homo sapiens,zinc finger protein 575
NP_004227,9318,Homo sapiens,COP9 constitutive photomorphogenic homolog subunit 2 (Arabidopsis)
NP_666019,7589,Homo sapiens,zinc finger and SCAN domain containing 21
NP_002373,4149,Homo sapiens,MYC associated factor X
NP_000480,546,Homo sapiens,"alpha thalassemia/mental retardation syndrome X-linked (RAD54 homolog, S. cerevisiae)"
NP_002374,4150,Homo sapiens,MYC-associated zinc finger protein (purine-binding transcription factor)
NP_079191,79977,Homo sapiens,grainyhead-like 2 (Drosophila)
NP_149123,85416,Homo sapiens,"Zic family member 5 (odd-paired homolog, Drosophila)"
NP_056953,5468,Homo sapiens,peroxisome proliferator-activated receptor gamma
NP_612474,2738,Homo sapiens,GLI family zinc finger 4
NP_056956,100293130,Homo sapiens,similar to kruppel-related zinc finger protein hcKrox
NP_056956,51043,Homo sapiens,zinc finger and BTB domain containing 7B
NP_116068,84765,Homo sapiens,zinc finger protein 577
NP_835226,135892,Homo sapiens,tripartite motif-containing 50
NP_620138,115950,Homo sapiens,zinc finger protein 653
NP_116062,84759,Homo sapiens,polycomb group ring finger 1
NP_066285,7026,Homo sapiens,"nuclear receptor subfamily 2, group F, member 2"
NP_004220,9282,Homo sapiens,mediator complex subunit 14
NP_036523,25803,Homo sapiens,SAM pointed domain containing ets transcription factor
NP_065883,57592,Homo sapiens,zinc finger protein 687
NP_002105,3096,Homo sapiens,human immunodeficiency virus type I enhancer binding protein 1
NP_149990,93474,Homo sapiens,zinc finger protein 670
NP_659413,163050,Homo sapiens,zinc finger protein 564
NP_056982,51341,Homo sapiens,zinc finger and BTB domain containing 7A
NP_009052,7376,Homo sapiens,"nuclear receptor subfamily 1, group H, member 2"
NP_009053,7391,Homo sapiens,upstream transcription factor 1
NP_001036065,11184,Homo sapiens,mitogen-activated protein kinase kinase kinase kinase 1
NP_009056,7404,Homo sapiens,"ubiquitously transcribed tetratricopeptide repeat gene, Y-linked"
NP_870992,54993,Homo sapiens,zinc finger and SCAN domain containing 2
NP_004259,9440,Homo sapiens,mediator complex subunit 17
NP_004447,2146,Homo sapiens,enhancer of zeste homolog 2 (Drosophila)
NP_001795,1044,Homo sapiens,caudal type homeobox 1
NP_006201,5178,Homo sapiens,"paternally expressed 3; PEG3 antisense RNA (non-protein coding); zinc finger, imprinted 2"
NP_006201,100169890,Homo sapiens,"paternally expressed 3; PEG3 antisense RNA (non-protein coding); zinc finger, imprinted 2"
NP_006201,23619,Homo sapiens,"paternally expressed 3; PEG3 antisense RNA (non-protein coding); zinc finger, imprinted 2"
NP_001793,1039,Homo sapiens,"cerebellar degeneration-related protein 2, 62kDa"
NP_002307,4010,Homo sapiens,"LIM homeobox transcription factor 1, beta"
NP_001796,1053,Homo sapiens,"CCAAT/enhancer binding protein (C/EBP), epsilon"
NP_001797,1054,Homo sapiens,"CCAAT/enhancer binding protein (C/EBP), gamma"
NP_059111,26249,Homo sapiens,kelch-like 3 (Drosophila)
NP_112570,64960,Homo sapiens,mitochondrial ribosomal protein S15
NP_001056,7132,Homo sapiens,"tumor necrosis factor receptor superfamily, member 1A"
NP_002922,6015,Homo sapiens,ring finger protein 1
NP_001057,7133,Homo sapiens,"tumor necrosis factor receptor superfamily, member 1B"
NP_004440,2078,Homo sapiens,v-ets erythroblastosis virus E26 oncogene homolog (avian)
NP_059116,51804,Homo sapiens,SIX homeobox 4
NP_149981,94039,Homo sapiens,zinc finger protein 101
NP_001058,7153,Homo sapiens,topoisomerase (DNA) II alpha 170kDa
NP_115809,84449,Homo sapiens,zinc finger protein 333
NP_009062,7626,Homo sapiens,zinc finger protein 75D
NP_001595,5080,Homo sapiens,paired box 6
NP_006488,3090,Homo sapiens,hypermethylated in cancer 1
NP_009066,7633,Homo sapiens,zinc finger protein 79
NP_009067,7634,Homo sapiens,zinc finger protein 80
NP_065697,56676,Homo sapiens,achaete-scute complex homolog 3 (Drosophila)
NP_002102,3064,Homo sapiens,huntingtin
NP_060372,55662,Homo sapiens,"hypoxia inducible factor 1, alpha subunit inhibitor"
NP_066954,5524,Homo sapiens,"protein phosphatase 2A activator, regulatory subunit 4"
NP_149973,91120,Homo sapiens,zinc finger protein 682
NP_066950,5366,Homo sapiens,phorbol-12-myristate-13-acetate-induced protein 1
NP_060378,55663,Homo sapiens,zinc finger protein 446
NP_002126,3164,Homo sapiens,"nuclear receptor subfamily 4, group A, member 1"
NP_000955,5914,Homo sapiens,"retinoic acid receptor, alpha"
NP_066574,7549,Homo sapiens,zinc finger protein 2
NP_057191,51663,Homo sapiens,zinc finger RNA binding protein
NP_056995,51058,Homo sapiens,zinc finger protein 691
NP_009077,7716,Homo sapiens,vascular endothelial zinc finger 1
NP_009078,7728,Homo sapiens,zinc finger protein 175
NP_066564,2648,Homo sapiens,K(lysine) acetyltransferase 2A
NP_009076,7705,Homo sapiens,zinc finger protein 146
NP_004275,9557,Homo sapiens,chromodomain helicase DNA binding protein 1-like
NP_112599,83482,Homo sapiens,"scratch homolog 1, zinc finger protein (Drosophila)"
NP_001964,2005,Homo sapiens,"ELK4, ETS-domain protein (SRF accessory protein 1)"
NP_001981,2140,Homo sapiens,eyes absent homolog 3 (Drosophila)
NP_001982,2145,Homo sapiens,enhancer of zeste homolog 1 (Drosophila)
NP_066961,7186,Homo sapiens,TNF receptor-associated factor 2
NP_004465,2306,Homo sapiens,forkhead box D2
NP_066963,7403,Homo sapiens,lysine (K)-specific demethylase 6A
NP_002117,3131,Homo sapiens,hepatic leukemia factor
NP_056185,25770,Homo sapiens,chromosome 22 open reading frame 31
NP_006464,10629,Homo sapiens,"TAF6-like RNA polymerase II, p300/CBP-associated factor (PCAF)-associated factor, 65kDa"
NP_835461,90850,Homo sapiens,zinc finger protein 598
NP_009084,7757,Homo sapiens,zinc finger protein 208
NP_001977,2118,Homo sapiens,ets variant 4
NP_002122,100130009,Homo sapiens,hypothetical LOC100130009; high mobility group AT-hook 1
NP_002122,3159,Homo sapiens,hypothetical LOC100130009; high mobility group AT-hook 1
NP_001781,995,Homo sapiens,cell division cycle 25 homolog C (S. pombe)
NP_001780,993,Homo sapiens,cell division cycle 25 homolog A (S. pombe)
NP_001956,1961,Homo sapiens,early growth response 4
NP_115529,84107,Homo sapiens,Zic family member 4
NP_001003688,4086,Homo sapiens,SMAD family member 1
NP_872271,652797,Homo sapiens,"similar to Pyruvate kinase, isozymes M1/M2 (Pyruvate kinase muscle isozyme) (Cytosolic thyroid hormone-binding protein) (CTHBP) (THBP1); pyruvate kinase, muscle"
NP_872271,5315,Homo sapiens,"similar to Pyruvate kinase, isozymes M1/M2 (Pyruvate kinase muscle isozyme) (Cytosolic thyroid hormone-binding protein) (CTHBP) (THBP1); pyruvate kinase, muscle"
NP_060649,55729,Homo sapiens,activating transcription factor 7 interacting protein
NP_852466,353274,Homo sapiens,zinc finger protein 445
NP_003164,6839,Homo sapiens,suppressor of variegation 3-9 homolog 1 (Drosophila)
NP_004926,1020,Homo sapiens,cyclin-dependent kinase 5
NP_742055,2138,Homo sapiens,eyes absent homolog 1 (Drosophila)
NP_003161,6830,Homo sapiens,suppressor of Ty 6 homolog (S. cerevisiae)
NP_002964,6311,Homo sapiens,ataxin 2
NP_002962,6304,Homo sapiens,SATB homeobox 1
NP_004526,4661,Homo sapiens,myelin transcription factor 1
NP_002031,2551,Homo sapiens,"GA binding protein transcription factor, alpha subunit 60kDa"
NP_057297,9325,Homo sapiens,thyroid hormone receptor interactor 4
NP_001940,1871,Homo sapiens,E2F transcription factor 3
NP_060635,55193,Homo sapiens,polybromo 1
NP_758961,1997,Homo sapiens,E74-like factor 1 (ets domain transcription factor)
NP_612138,1748,Homo sapiens,distal-less homeobox 4
NP_003159,6827,Homo sapiens,suppressor of Ty 4 homolog 1 (S. cerevisiae)
NP_002574,5074,Homo sapiens,"PRKC, apoptosis, WT1, regulator"
NP_863651,317,Homo sapiens,apoptotic peptidase activating factor 1
NP_003815,8772,Homo sapiens,Fas (TNFRSF6)-associated via death domain
NP_002959,6299,Homo sapiens,sal-like 1 (Drosophila)
NP_004917,677,Homo sapiens,"zinc finger protein 36, C3H type-like 1"
NP_002028,2534,Homo sapiens,"FYN oncogene related to SRC, FGR, YES"
NP_002043,2626,Homo sapiens,GATA binding protein 4
NP_057286,51157,Homo sapiens,zinc finger protein 580
NP_079507,80345,Homo sapiens,zinc finger and SCAN domain containing 16
NP_004950,2516,Homo sapiens,"nuclear receptor subfamily 5, group A, member 1"
NP_001073593,841,Homo sapiens,"caspase 8, apoptosis-related cysteine peptidase"
NP_002040,2623,Homo sapiens,GATA binding protein 1 (globin transcription factor 1)
NP_060667,55734,Homo sapiens,zinc finger protein 64 homolog (mouse)
NP_031401,23435,Homo sapiens,TAR DNA binding protein
NP_004947,2115,Homo sapiens,ets variant 1
NP_055915,23126,Homo sapiens,pogo transposable element with ZNF domain
NP_008889,7564,Homo sapiens,zinc finger protein 16
NP_055232,27113,Homo sapiens,BCL2 binding component 3
NP_003180,6886,Homo sapiens,T-cell acute lymphocytic leukemia 1
NP_001157,329,Homo sapiens,baculoviral IAP repeat-containing 2
NP_055028,3235,Homo sapiens,homeobox D9
NP_002944,6195,Homo sapiens,"ribosomal protein S6 kinase, 90kDa, polypeptide 1"
NP_001158,331,Homo sapiens,X-linked inhibitor of apoptosis
NP_079514,53339,Homo sapiens,BTB (POZ) domain containing 1
NP_004546,4775,Homo sapiens,"nuclear factor of activated T-cells, cytoplasmic, calcineurin-dependent 3"
NP_963965,6932,Homo sapiens,"transcription factor 7 (T-cell specific, HMG-box)"
NP_116257,84954,Homo sapiens,MPN domain containing
NP_001929,1810,Homo sapiens,"down-regulator of transcription 1, TBP-binding (negative cofactor 2)"
NP_689835,166968,Homo sapiens,"mesoderm induction early response 1, family member 3"
NP_055909,23119,Homo sapiens,hypermethylated in cancer 2
NP_055908,23118,Homo sapiens,mitogen-activated protein kinase kinase kinase 7 interacting protein 2
NP_003179,6885,Homo sapiens,mitogen-activated protein kinase kinase kinase 7
NP_009150,11237,Homo sapiens,ring finger protein 24
NP_542783,140691,Homo sapiens,tripartite motif-containing 69
NP_002934,6095,Homo sapiens,RAR-related orphan receptor A
NP_004552,5017,Homo sapiens,ovo-like 1(Drosophila)
NP_891549,148022,Homo sapiens,toll-like receptor adaptor molecule 1
NP_004550,4904,Homo sapiens,Y box binding protein 1
NP_849192,140432,Homo sapiens,ring finger protein 113B
NP_005254,2672,Homo sapiens,growth factor independent 1 transcription repressor
NP_001915,1647,Homo sapiens,"growth arrest and DNA-damage-inducible, alpha"
NP_660090,221785,Homo sapiens,zinc finger protein 498
NP_004119,2963,Homo sapiens,"general transcription factor IIF, polypeptide 2, 30kDa"
NP_003842,8804,Homo sapiens,cellular repressor of E1A-stimulated genes 1
NP_003122,6722,Homo sapiens,serum response factor (c-fos serum response element-binding transcription factor)
NP_958839,8522,Homo sapiens,growth arrest-specific 7
NP_689813,163033,Homo sapiens,zinc finger protein 579
NP_060677,55223,Homo sapiens,tripartite motif-containing 62
NP_689624,136051,Homo sapiens,zinc finger protein 786
NP_057254,3196,Homo sapiens,T-cell leukemia homeobox 2
NP_005260,2735,Homo sapiens,GLI family zinc finger 1
NP_005261,2736,Homo sapiens,GLI family zinc finger 2
NP_115765,84364,Homo sapiens,ADP-ribosylation factor GTPase activating protein 2
NP_060807,55311,Homo sapiens,zinc finger protein 444
NP_002276,3899,Homo sapiens,"AF4/FMR2 family, member 3"
NP_115562,84146,Homo sapiens,zinc finger protein 644
NP_003856,8820,Homo sapiens,HESX homeobox 1
NP_001708,646,Homo sapiens,basonuclin 1
NP_002577,5089,Homo sapiens,pre-B-cell leukemia homeobox 2
NP_115799,84436,Homo sapiens,zinc finger protein 534; zinc finger protein 528
NP_115799,147658,Homo sapiens,zinc finger protein 534; zinc finger protein 528
NP_219363,92595,Homo sapiens,zinc finger protein 764
NP_009123,11198,Homo sapiens,suppressor of Ty 16 homolog (S. cerevisiae); suppressor of Ty 16 homolog (S. cerevisiae) pseudogene
NP_009123,400011,Homo sapiens,suppressor of Ty 16 homolog (S. cerevisiae); suppressor of Ty 16 homolog (S. cerevisiae) pseudogene
NP_003142,6775,Homo sapiens,signal transducer and activator of transcription 4
NP_009125,11200,Homo sapiens,protein kinase CHK2-like; CHK2 checkpoint homolog (S. pombe); similar to hCG1983233
NP_009125,646096,Homo sapiens,protein kinase CHK2-like; CHK2 checkpoint homolog (S. pombe); similar to hCG1983233
NP_009125,100133012,Homo sapiens,protein kinase CHK2-like; CHK2 checkpoint homolog (S. pombe); similar to hCG1983233
NP_003147,6786,Homo sapiens,stromal interaction molecule 1
NP_116027,2624,Homo sapiens,GATA binding protein 2
NP_078843,79618,Homo sapiens,homeobox containing 1
NP_891993,5567,Homo sapiens,"protein kinase, cAMP-dependent, catalytic, beta"
NP_898868,23613,Homo sapiens,"zinc finger, MYND-type containing 8"
NP_002796,5705,Homo sapiens,"proteasome (prosome, macropain) 26S subunit, ATPase, 5"
NP_060825,55786,Homo sapiens,zinc finger protein 415
NP_004506,3608,Homo sapiens,"interleukin enhancer binding factor 2, 45kDa"
NP_055283,27287,Homo sapiens,VENT homeobox homolog (Xenopus laevis)
NP_003132,6737,Homo sapiens,tripartite motif-containing 21
NP_620162,132001,Homo sapiens,chromosome 3 open reading frame 31
NP_061975,3202,Homo sapiens,homeobox A5
NP_057009,51599,Homo sapiens,lipolysis stimulated lipoprotein receptor
NP_037395,29117,Homo sapiens,bromodomain containing 7; bromodomain containing 7 pseudogene 2
NP_037395,647076,Homo sapiens,bromodomain containing 7; bromodomain containing 7 pseudogene 2
NP_004730,9219,Homo sapiens,"metastasis associated 1 family, member 2"
NP_000626,5990,Homo sapiens,"regulatory factor X, 2 (influences HLA class II expression)"
NP_055971,23186,Homo sapiens,REST corepressor 1
NP_077011,79088,Homo sapiens,zinc finger protein 426
NP_057219,51513,Homo sapiens,ets variant 7
NP_075562,65251,Homo sapiens,zinc finger protein 649
NP_055295,27300,Homo sapiens,zinc finger protein 544
NP_005849,10270,Homo sapiens,A kinase (PRKA) anchor protein 8
NP_005850,5813,Homo sapiens,purine-rich element binding protein A
NP_057412,9569,Homo sapiens,GTF2I repeat domain containing 1
NP_003895,8882,Homo sapiens,zinc finger protein 259
NP_003893,8880,Homo sapiens,far upstream element (FUSE) binding protein 1
NP_036270,26574,Homo sapiens,apoptosis antagonizing transcription factor
NP_061127,55892,Homo sapiens,myoneurin
NP_005211,1747,Homo sapiens,distal-less homeobox 3
NP_057011,7041,Homo sapiens,transforming growth factor beta 1 induced transcript 1
NP_005213,1750,Homo sapiens,distal-less homeobox 6
NP_005216,1869,Homo sapiens,E2F transcription factor 1
NP_005021,5347,Homo sapiens,polo-like kinase 1 (Drosophila)
NP_004998,4795,Homo sapiens,nuclear factor of kappa light polypeptide gene enhancer in B-cells inhibitor-like 1
NP_055685,9923,Homo sapiens,zinc finger and BTB domain containing 40
NP_149418,652764,Homo sapiens,"double homeobox, 4-like; similar to double homeobox 4c; similar to double homeobox, 4; double homeobox, 4"
NP_149418,440013,Homo sapiens,"double homeobox, 4-like; similar to double homeobox 4c; similar to double homeobox, 4; double homeobox, 4"
NP_149418,440014,Homo sapiens,"double homeobox, 4-like; similar to double homeobox 4c; similar to double homeobox, 4; double homeobox, 4"
NP_149418,728022,Homo sapiens,"double homeobox, 4-like; similar to double homeobox 4c; similar to double homeobox, 4; double homeobox, 4"
NP_149418,653548,Homo sapiens,"double homeobox, 4-like; similar to double homeobox 4c; similar to double homeobox, 4; double homeobox, 4"
NP_149418,440017,Homo sapiens,"double homeobox, 4-like; similar to double homeobox 4c; similar to double homeobox, 4; double homeobox, 4"
NP_149418,653545,Homo sapiens,"double homeobox, 4-like; similar to double homeobox 4c; similar to double homeobox, 4; double homeobox, 4"
NP_149418,22947,Homo sapiens,"double homeobox, 4-like; similar to double homeobox 4c; similar to double homeobox, 4; double homeobox, 4"
NP_149418,728410,Homo sapiens,"double homeobox, 4-like; similar to double homeobox 4c; similar to double homeobox, 4; double homeobox, 4"
NP_149418,653543,Homo sapiens,"double homeobox, 4-like; similar to double homeobox 4c; similar to double homeobox, 4; double homeobox, 4"
NP_149418,653544,Homo sapiens,"double homeobox, 4-like; similar to double homeobox 4c; similar to double homeobox, 4; double homeobox, 4"
NP_149418,653541,Homo sapiens,"double homeobox, 4-like; similar to double homeobox 4c; similar to double homeobox, 4; double homeobox, 4"
NP_149418,399839,Homo sapiens,"double homeobox, 4-like; similar to double homeobox 4c; similar to double homeobox, 4; double homeobox, 4"
NP_149418,441056,Homo sapiens,"double homeobox, 4-like; similar to double homeobox 4c; similar to double homeobox, 4; double homeobox, 4"
NP_149418,652119,Homo sapiens,"double homeobox, 4-like; similar to double homeobox 4c; similar to double homeobox, 4; double homeobox, 4"
NP_008835,731751,Homo sapiens,"similar to protein kinase, DNA-activated, catalytic polypeptide; protein kinase, DNA-activated, catalytic polypeptide"
NP_008835,5591,Homo sapiens,"similar to protein kinase, DNA-activated, catalytic polypeptide; protein kinase, DNA-activated, catalytic polypeptide"
NP_005424,7525,Homo sapiens,v-yes-1 Yamaguchi sarcoma viral oncogene homolog 1
NP_775951,285971,Homo sapiens,zinc finger protein 775
NP_057207,51135,Homo sapiens,interleukin-1 receptor-associated kinase 4
NP_705836,163071,Homo sapiens,zinc finger protein 114
NP_061140,55897,Homo sapiens,mesoderm posterior 1 homolog (mouse)
NP_775801,162963,Homo sapiens,zinc finger protein 610
NP_005861,10284,Homo sapiens,"Sin3A-associated protein, 18kDa"
NP_061130,55893,Homo sapiens,zinc finger protein 395
NP_004171,10010,Homo sapiens,TRAF family member-associated NFKB activator
NP_057404,4928,Homo sapiens,nucleoporin 98kDa
NP_078828,79603,Homo sapiens,"LAG1 homolog, ceramide synthase 4"
NP_005417,7159,Homo sapiens,"tumor protein p53 binding protein, 2"
NP_005220,2002,Homo sapiens,"ELK1, member of ETS oncogene family"
NP_004179,8328,Homo sapiens,growth factor independent 1B transcription repressor
NP_005225,2063,Homo sapiens,"nuclear receptor subfamily 2, group F, member 6"
NP_008828,3225,Homo sapiens,homeobox C9
NP_689668,146050,Homo sapiens,zinc finger and SCAN domain containing 29
NP_005433,8320,Homo sapiens,eomesodermin homolog (Xenopus laevis)
NP_065912,57621,Homo sapiens,zinc finger and BTB domain containing 2
NP_002736,5594,Homo sapiens,mitogen-activated protein kinase 1
NP_005229,2113,Homo sapiens,v-ets erythroblastosis virus E26 oncogene homolog 1 (avian)
NP_065917,57626,Homo sapiens,kelch-like 1 (Drosophila)
NP_477097,9134,Homo sapiens,cyclin E2
NP_114096,27439,Homo sapiens,"cat eye syndrome chromosome region, candidate 6"
NP_005230,2114,Homo sapiens,v-ets erythroblastosis virus E26 oncogene homolog 2 (avian)
NP_004180,8403,Homo sapiens,SRY (sex determining region Y)-box 14
NP_003870,8837,Homo sapiens,CASP8 and FADD-like apoptosis regulator
NP_004746,9252,Homo sapiens,"ribosomal protein S6 kinase, 90kDa, polypeptide 5"
NP_005231,2117,Homo sapiens,ets variant 3
NP_005234,2130,Homo sapiens,similar to Ewing sarcoma breakpoint region 1; Ewing sarcoma breakpoint region 1
NP_005234,284685,Homo sapiens,similar to Ewing sarcoma breakpoint region 1; Ewing sarcoma breakpoint region 1
NP_057615,51274,Homo sapiens,Kruppel-like factor 3 (basic)
NP_005429,8061,Homo sapiens,FOS-like antigen 1
NP_002740,5598,Homo sapiens,mitogen-activated protein kinase 7
NP_003875,8850,Homo sapiens,K(lysine) acetyltransferase 2B
NP_005444,9278,Homo sapiens,zinc finger and BTB domain containing 22
NP_004743,9247,Homo sapiens,glial cells missing homolog 2 (Drosophila)
NP_002749,5608,Homo sapiens,mitogen-activated protein kinase kinase 6
NP_003381,7465,Homo sapiens,WEE1 homolog (S. pombe)
NP_061983,387032,Homo sapiens,zinc finger with KRAB and SCAN domains 4
NP_064630,56995,Homo sapiens,tubby like protein 4
NP_005887,3417,Homo sapiens,"isocitrate dehydrogenase 1 (NADP+), soluble"
NP_005240,2290,Homo sapiens,forkhead box G1
NP_061153,55905,Homo sapiens,ring finger protein 114
NP_258429,113835,Homo sapiens,zinc finger protein 257
NP_665804,64843,Homo sapiens,ISL LIM homeobox 2
NP_005248,2627,Homo sapiens,GATA binding protein 6
NP_036281,26584,Homo sapiens,"double homeobox, 1"
NP_036281,26581,Homo sapiens,"double homeobox, 5"
NP_005243,2353,Homo sapiens,v-fos FBJ murine osteosarcoma viral oncogene homolog
NP_003884,8861,Homo sapiens,LIM domain binding 1
NP_660281,7579,Homo sapiens,zinc finger and SCAN domain containing 20
NP_003398,7538,Homo sapiens,"zinc finger protein 36, C3H type, homolog (mouse)"
NP_003399,7539,Homo sapiens,zinc finger protein 37 homolog (mouse)
NP_003394,7528,Homo sapiens,YY1 transcription factor
NP_003589,8463,Homo sapiens,TEA domain family member 2
NP_689890,201516,Homo sapiens,zinc finger and SCAN domain containing 4
NP_892021,284695,Homo sapiens,zinc finger protein 326
NP_005452,9935,Homo sapiens,v-maf musculoaponeurotic fibrosarcoma oncogene homolog B (avian)
NP_004771,9338,Homo sapiens,transcription elongation factor A (SII)-like 1
NP_004770,9337,Homo sapiens,"CCR4-NOT transcription complex, subunit 8"
NP_004964,3720,Homo sapiens,"jumonji, AT rich interactive domain 2"
NP_689697,148266,Homo sapiens,zinc finger protein 569
NP_002515,4893,Homo sapiens,neuroblastoma RAS viral (v-ras) oncogene homolog
NP_055455,9654,Homo sapiens,"tubulin tyrosine ligase-like family, member 4"
NP_055458,9658,Homo sapiens,zinc finger protein 516
NP_060873,55802,Homo sapiens,DCP1 decapping enzyme homolog A (S. cerevisiae)
NP_722520,161882,Homo sapiens,"zinc finger protein, multitype 1"
NP_009180,11278,Homo sapiens,Kruppel-like factor 12
NP_005602,5934,Homo sapiens,retinoblastoma-like 2 (p130)
NP_523353,10943,Homo sapiens,male-specific lethal 3 homolog (Drosophila)
NP_689691,147949,Homo sapiens,zinc finger protein 583
NP_003192,7019,Homo sapiens,"transcription factor A, mitochondrial"
NP_064612,56979,Homo sapiens,PR domain containing 9
NP_003195,4779,Homo sapiens,nuclear factor (erythroid-derived 2)-like 1
NP_064613,56980,Homo sapiens,PR domain containing 10
NP_076870,1879,Homo sapiens,early B-cell factor 1
NP_003190,6925,Homo sapiens,transcription factor 4
NP_003191,6929,Homo sapiens,transcription factor 3 (E2A immunoglobulin enhancer binding factors E12/E47)
NP_004955,3065,Homo sapiens,histone deacetylase 1
NP_003197,6943,Homo sapiens,transcription factor 21
NP_002721,5566,Homo sapiens,"protein kinase, cAMP-dependent, catalytic, alpha"
NP_258411,91107,Homo sapiens,tripartite motif-containing 47
NP_006726,3199,Homo sapiens,homeobox A2
NP_006725,3097,Homo sapiens,human immunodeficiency virus type I enhancer binding protein 2
NP_085044,80758,Homo sapiens,proline rich 7 (synaptic)
NP_004963,3717,Homo sapiens,Janus kinase 2
NP_060886,55810,Homo sapiens,forkhead box J2
NP_055064,10002,Homo sapiens,"nuclear receptor subfamily 2, group E, member 3"
NP_009171,11266,Homo sapiens,dual specificity phosphatase 12
NP_005632,6878,Homo sapiens,"TAF6 RNA polymerase II, TATA box binding protein (TBP)-associated factor, 80kDa"
NP_005472,10025,Homo sapiens,mediator complex subunit 16
NP_057441,51474,Homo sapiens,LIM domain and actin binding 1
NP_742077,816,Homo sapiens,calcium/calmodulin-dependent protein kinase II beta
NP_037374,29105,Homo sapiens,chromosome 16 open reading frame 80
NP_055483,9687,Homo sapiens,GREB1 protein
NP_004795,9391,Homo sapiens,cytosolic iron-sulfur protein assembly 1 homolog (S. cerevisiae)
NP_055480,9684,Homo sapiens,leucine rich repeat containing 14
NP_077719,4853,Homo sapiens,Notch homolog 2 (Drosophila)
NP_005084,9139,Homo sapiens,"core-binding factor, runt domain, alpha subunit 2; translocated to, 2"
NP_689496,643836,Homo sapiens,zinc finger protein 62 homolog (mouse)
NP_005086,9202,Homo sapiens,"zinc finger, MYM-type 4"
NP_689492,92285,Homo sapiens,zinc finger protein 585B
NP_689868,199704,Homo sapiens,zinc finger protein 585A
NP_689671,146542,Homo sapiens,zinc finger protein 688; zinc finger protein 785
NP_689671,146540,Homo sapiens,zinc finger protein 688; zinc finger protein 785
NP_005832,10252,Homo sapiens,"sprouty homolog 1, antagonist of FGF signaling (Drosophila)"
NP_005625,6658,Homo sapiens,SRY (sex determining region Y)-box 3
NP_536739,9846,Homo sapiens,GRB2-associated binding protein 2
NP_060897,54700,Homo sapiens,RRN3 RNA polymerase I transcription factor homolog (S. cerevisiae)
NP_005644,7024,Homo sapiens,transcription factor CP2
NP_660276,90589,Homo sapiens,zinc finger protein 625
NP_009196,11319,Homo sapiens,ecdysoneless homolog (Drosophila)
NP_005641,6942,Homo sapiens,transcription factor 20 (AR1)
NP_065118,57109,Homo sapiens,"REX4, RNA exonuclease 4 homolog (S. cerevisiae)"
NP_037386,29110,Homo sapiens,TANK-binding kinase 1
NP_002703,5510,Homo sapiens,"protein phosphatase 1, regulatory (inhibitor) subunit 7"
NP_037388,7733,Homo sapiens,zinc finger protein 180
NP_008848,6258,Homo sapiens,"retinoid X receptor, gamma"
NP_689688,147687,Homo sapiens,zinc finger protein 417
NP_004983,4204,Homo sapiens,methyl CpG binding protein 2 (Rett syndrome)
NP_077313,79192,Homo sapiens,iroquois homeobox 1
NP_002500,4821,Homo sapiens,NK2 homeobox 2
NP_005072,7701,Homo sapiens,zinc finger protein 142
NP_612815,598,Homo sapiens,BCL2-like 1
NP_055465,9668,Homo sapiens,zinc finger protein 432
NP_005843,1107,Homo sapiens,chromodomain helicase DNA binding protein 3
NP_002508,4861,Homo sapiens,neuronal PAS domain protein 1
NP_005079,8227,Homo sapiens,"splicing factor, arginine/serine-rich 17A"
NP_005635,6883,Homo sapiens,"TAF12 RNA polymerase II, TATA box binding protein (TBP)-associated factor, 20kDa"
NP_653295,148268,Homo sapiens,zinc finger protein 570
NP_001420,2033,Homo sapiens,E1A binding protein p300
NP_006554,10661,Homo sapiens,Kruppel-like factor 1 (erythroid)
NP_006556,10664,Homo sapiens,CCCTC-binding factor (zinc finger protein)
NP_065703,57335,Homo sapiens,zinc finger protein 286A
NP_036443,22944,Homo sapiens,"KIN, antigenic determinant of recA protein homolog (mouse)"
NP_006346,10475,Homo sapiens,tripartite motif-containing 38
NP_036440,22992,Homo sapiens,lysine (K)-specific demethylase 2A
NP_055749,22873,Homo sapiens,DAZ interacting protein 1
NP_861421,353355,Homo sapiens,zinc finger protein 233
NP_001419,2023,Homo sapiens,"enolase 1, (alpha)"
NP_071927,64412,Homo sapiens,GDNF-inducible zinc finger protein 1
NP_055550,9767,Homo sapiens,PHD finger protein 16
NP_006737,6322,Homo sapiens,sex comb on midleg-like 1 (Drosophila)
NP_073577,28996,Homo sapiens,homeodomain interacting protein kinase 2; similar to homeodomain interacting protein kinase 2
NP_073577,653052,Homo sapiens,homeodomain interacting protein kinase 2; similar to homeodomain interacting protein kinase 2
NP_073576,64750,Homo sapiens,SMAD specific E3 ubiquitin protein ligase 2
NP_006356,10485,Homo sapiens,chromosome 1 open reading frame 61
NP_005668,8292,Homo sapiens,collagen-like tail subunit (single strand of homotrimer) of asymmetric acetylcholinesterase
NP_071933,64422,Homo sapiens,ATG3 autophagy related 3 homolog (S. cerevisiae)
NP_005677,9580,Homo sapiens,SRY (sex determining region Y)-box 13
NP_055753,22877,Homo sapiens,MLX interacting protein
NP_075245,65050,Rattus norvegicus,BarH-like homeobox 2
NP_055562,9783,Homo sapiens,regulating synaptic membrane exocytosis 3
NP_002008,2313,Homo sapiens,Friend leukemia virus integration 1
NP_940835,6791,Homo sapiens,aurora kinase A; aurora kinase A pseudogene 1
NP_940835,6790,Homo sapiens,aurora kinase A; aurora kinase A pseudogene 1
NP_002006,2308,Homo sapiens,forkhead box O1
NP_006577,10695,Homo sapiens,canopy 3 homolog (zebrafish)
NP_001440,2273,Homo sapiens,four and a half LIM domains 1
NP_006768,10009,Homo sapiens,zinc finger and BTB domain containing 33
NP_604391,1385,Homo sapiens,cAMP responsive element binding protein 1
NP_705873,3198,Homo sapiens,homeobox A1
NP_001443,2295,Homo sapiens,forkhead box F2
NP_005667,8241,Homo sapiens,RNA binding motif protein 10
NP_036418,9643,Homo sapiens,mortality factor 4 like 2
NP_006773,7542,Homo sapiens,zinc finger protein-like 1
NP_940860,162968,Homo sapiens,zinc finger protein 497
NP_073150,64641,Homo sapiens,early B-cell factor 2
NP_000305,5728,Homo sapiens,phosphatase and tensin homolog; phosphatase and tensin homolog pseudogene 1
NP_000305,11191,Homo sapiens,phosphatase and tensin homolog; phosphatase and tensin homolog pseudogene 1
NP_005648,7158,Homo sapiens,tumor protein p53 binding protein 1
NP_003795,8737,Homo sapiens,receptor (TNFRSF)-interacting serine-threonine kinase 1
NP_005646,7071,Homo sapiens,Kruppel-like factor 10
NP_057094,51101,Homo sapiens,"family with sequence similarity 164, member A"
NP_065975,57684,Homo sapiens,zinc finger and BTB domain containing 26
NP_000183,6910,Homo sapiens,T-box 5
NP_001429,2104,Homo sapiens,estrogen-related receptor gamma
NP_001428,2100,Homo sapiens,estrogen receptor 2 (ER beta)
NP_003783,8721,Homo sapiens,endothelial differentiation-related factor 1
NP_003780,8717,Homo sapiens,TNFRSF1A-associated via death domain
NP_000312,5925,Homo sapiens,retinoblastoma 1
NP_000129,2200,Homo sapiens,fibrillin 1
NP_112234,81856,Homo sapiens,zinc finger protein 611
NP_598009,10782,Homo sapiens,zinc finger protein 274
NP_003588,8462,Homo sapiens,Kruppel-like factor 11
NP_000513,3209,Homo sapiens,homeobox A13
NP_056647,8932,Homo sapiens,methyl-CpG binding domain protein 2
NP_006107,10454,Homo sapiens,mitogen-activated protein kinase kinase kinase 7 interacting protein 1
NP_116569,51085,Homo sapiens,MLX interacting protein-like
NP_775814,199221,Homo sapiens,DAZ interacting protein 1-like
NP_065750,57459,Homo sapiens,GATA zinc finger domain containing 2B
NP_031384,22823,Homo sapiens,metal response element binding transcription factor 2
NP_006390,10538,Homo sapiens,"basic leucine zipper transcription factor, ATF-like"
NP_000113,2071,Homo sapiens,"excision repair cross-complementing rodent repair deficiency, complementation group 3 (xeroderma pigmentosum group B complementing)"
NP_000115,2074,Homo sapiens,"excision repair cross-complementing rodent repair deficiency, complementation group 6"
NP_000116,2099,Homo sapiens,estrogen receptor 1
NP_006782,10933,Homo sapiens,mortality factor 4; mortality factor 4 like 1
NP_006782,10934,Homo sapiens,mortality factor 4; mortality factor 4 like 1
NP_000529,5994,Homo sapiens,regulatory factor X-associated protein
NP_001017915,3635,Homo sapiens,"inositol polyphosphate-5-phosphatase, 145kDa"
NP_065950,57659,Homo sapiens,zinc finger and BTB domain containing 4
NP_036462,23522,Homo sapiens,MYST histone acetyltransferase (monocytic leukemia) 4
NP_003556,8408,Homo sapiens,unc-51-like kinase 1 (C. elegans)
NP_054878,29072,Homo sapiens,SET domain containing 2
NP_775847,283078,Homo sapiens,mohawk homeobox
NP_775845,257101,Homo sapiens,zinc finger protein 683
NP_006531,10499,Homo sapiens,nuclear receptor coactivator 2
NP_000539,7249,Homo sapiens,tuberous sclerosis 2
NP_037520,10113,Homo sapiens,prolactin regulatory element binding
NP_055762,22887,Homo sapiens,forkhead box J3
NP_003757,8678,Homo sapiens,"beclin 1, autophagy related"
NP_109377,3200,Homo sapiens,homeobox A3
NP_003566,8427,Homo sapiens,zinc finger protein 282
NP_443722,11105,Homo sapiens,PR domain containing 7
NP_005894,4090,Homo sapiens,SMAD family member 5
NP_005893,4088,Homo sapiens,SMAD family member 3
NP_005892,4087,Homo sapiens,SMAD family member 2
NP_036477,26747,Homo sapiens,nuclear fragile X mental retardation protein interacting protein 1
NP_112223,81844,Homo sapiens,tripartite motif-containing 56
NP_006523,8178,Homo sapiens,elongation factor RNA polymerase II
NP_055777,22903,Homo sapiens,BTB (POZ) domain containing 3
NP_006517,7764,Homo sapiens,zinc finger protein 217
NP_055776,22902,Homo sapiens,RUN and FYVE domain containing 3
NP_573574,170825,Homo sapiens,GS homeobox 2
NP_573572,154796,Homo sapiens,angiomotin
NP_115979,84678,Homo sapiens,lysine (K)-specific demethylase 2B
NP_003736,8651,Homo sapiens,suppressor of cytokine signaling 1
NP_002494,4793,Homo sapiens,"nuclear factor of kappa light polypeptide gene enhancer in B-cells inhibitor, beta"
NP_002492,4784,Homo sapiens,nuclear factor I/X (CCAAT-binding transcription factor)
NP_002493,4791,Homo sapiens,nuclear factor of kappa light polypeptide gene enhancer in B-cells 2 (p49/p100)
NP_954582,11023,Homo sapiens,ventral anterior homeobox 1
NP_002491,4760,Homo sapiens,neurogenic differentiation 1
NP_001220,842,Homo sapiens,"caspase 9, apoptosis-related cysteine peptidase"
NP_001609,142,Homo sapiens,poly (ADP-ribose) polymerase 1
NP_056276,25925,Homo sapiens,zinc finger protein 521
NP_073728,8864,Homo sapiens,period homolog 2 (Drosophila)
NP_001217,839,Homo sapiens,"caspase 6, apoptosis-related cysteine peptidase"
NP_001218,840,Homo sapiens,"caspase 7, apoptosis-related cysteine peptidase"
NP_620410,90316,Homo sapiens,"TGFB-induced factor homeobox 2-like, X-linked"
NP_000359,7248,Homo sapiens,tuberous sclerosis 1
NP_036250,25819,Homo sapiens,CCR4 carbon catabolite repression 4-like (S. cerevisiae)
NP_004355,1050,Homo sapiens,"CCAAT/enhancer binding protein (C/EBP), alpha"
NP_115983,84684,Homo sapiens,insulinoma-associated 2
NP_004339,860,Homo sapiens,runt-related transcription factor 2
NP_004337,836,Homo sapiens,"caspase 3, apoptosis-related cysteine peptidase"
NP_149056,63948,Homo sapiens,"DMRT-like family B with proline-rich C-terminal, 1"
NP_000374,326,Homo sapiens,autoimmune regulator
NP_001610,156,Homo sapiens,"adrenergic, beta, receptor kinase 1"
NP_000372,4281,Homo sapiens,midline 1 (Opitz/BBB syndrome)
NP_150091,11168,Homo sapiens,PC4 and SFRS1 interacting protein 1
NP_115702,84286,Homo sapiens,transmembrane protein 175
NP_060107,54796,Homo sapiens,basonuclin 2
NP_001895,1499,Homo sapiens,"catenin (cadherin-associated protein), beta 1, 88kDa"
NP_000369,7490,Homo sapiens,Wilms tumor 1
NP_116194,84891,Homo sapiens,zinc finger and SCAN domain containing 10
NP_003713,8626,Homo sapiens,tumor protein p63
NP_002476,4683,Homo sapiens,nibrin
NP_000384,1290,Homo sapiens,"collagen, type V, alpha 2"
NP_003311,7275,Homo sapiens,tubby homolog (mouse)
NP_003313,7287,Homo sapiens,tubby like protein 1
NP_056296,25946,Homo sapiens,zinc finger protein 385A
NP_742103,2070,Homo sapiens,eyes absent homolog 4 (Drosophila)
NP_036613,22806,Homo sapiens,IKAROS family zinc finger 3 (Aiolos)
NP_036614,23528,Homo sapiens,zinc finger protein 281
NP_065765,57474,Homo sapiens,zinc finger protein 490
NP_002460,4618,Homo sapiens,myogenic factor 6 (herculin)
NP_065782,57491,Homo sapiens,aryl-hydrocarbon receptor repressor; programmed cell death 6
NP_065782,10016,Homo sapiens,aryl-hydrocarbon receptor repressor; programmed cell death 6
NP_003316,7290,Homo sapiens,HIR histone cell cycle regulation defective homolog A (S. cerevisiae)
NP_631961,8148,Homo sapiens,"TAF15 RNA polymerase II, TATA box binding protein (TBP)-associated factor, 68kDa"
NP_003315,7289,Homo sapiens,tubby like protein 3
NP_000866,3480,Homo sapiens,insulin-like growth factor 1 receptor
NP_056082,23316,Homo sapiens,cut-like homeobox 2
NP_056080,23314,Homo sapiens,SATB homeobox 2
NP_065778,49854,Homo sapiens,zinc finger protein 295
NP_001264,1108,Homo sapiens,chromodomain helicase DNA binding protein 4
NP_001265,1111,Homo sapiens,CHK1 checkpoint homolog (S. pombe)
NP_004590,6721,Homo sapiens,sterol regulatory element binding transcription factor 2
NP_001261,1105,Homo sapiens,chromodomain helicase DNA binding protein 1
NP_150374,90135,Homo sapiens,BTB (POZ) domain containing 6
NP_612356,90233,Homo sapiens,zinc finger protein 551
NP_002451,3662,Homo sapiens,interferon regulatory factor 4
NP_060339,54971,Homo sapiens,BTG3 associated nuclear protein
NP_006597,10741,Homo sapiens,retinoblastoma binding protein 9
NP_036214,23414,Homo sapiens,"zinc finger protein, multitype 2"
NP_036213,22936,Homo sapiens,"elongation factor, RNA polymerase II, 2"
NP_067646,59349,Homo sapiens,kelch-like 12 (Drosophila)
NP_001256,1045,Homo sapiens,caudal type homeobox 2
NP_055712,22834,Homo sapiens,zinc finger protein 652
NP_001445,2302,Homo sapiens,forkhead box J1
NP_001446,2309,Homo sapiens,forkhead box O3; forkhead box O3B pseudogene
NP_001446,2310,Homo sapiens,forkhead box O3; forkhead box O3B pseudogene
NP_006306,10336,Homo sapiens,polycomb group ring finger 3
NP_861451,284459,Homo sapiens,GLI-Kruppel family member HKR1
NP_060349,55659,Homo sapiens,zinc finger protein 416
NP_115746,84330,Homo sapiens,zinc finger protein 414
NP_006312,10425,Homo sapiens,ariadne homolog 2 (Drosophila)
NP_003104,6672,Homo sapiens,SP100 nuclear antigen
NP_006584,10716,Homo sapiens,"T-box, brain, 1"
NP_036200,22809,Homo sapiens,activating transcription factor 5
NP_001479,6871,Homo sapiens,"transcriptional adaptor 2 (ADA2 homolog, yeast)-like"
NP_060478,55079,Homo sapiens,FEZ family zinc finger 2
NP_079009,79788,Homo sapiens,zinc finger protein 665
NP_001666,643159,Homo sapiens,activating transcription factor 4 (tax-responsive enhancer element B67); activating transcription factor 4C
NP_001666,468,Homo sapiens,activating transcription factor 4 (tax-responsive enhancer element B67); activating transcription factor 4C
NP_149023,85363,Homo sapiens,tripartite motif-containing 5
NP_001871,1386,Homo sapiens,activating transcription factor 2
NP_004378,1482,Homo sapiens,"NK2 transcription factor related, locus 5 (Drosophila)"
NP_004374,1445,Homo sapiens,c-src tyrosine kinase
NP_067629,445372,Homo sapiens,TRIM6-TRIM34 readthrough transcript; tripartite motif-containing 6; tripartite motif-containing 34
NP_067629,53840,Homo sapiens,TRIM6-TRIM34 readthrough transcript; tripartite motif-containing 6; tripartite motif-containing 34
NP_067629,117854,Homo sapiens,TRIM6-TRIM34 readthrough transcript; tripartite motif-containing 6; tripartite motif-containing 34
NP_619638,136259,Homo sapiens,Kruppel-like factor 14
NP_004372,1388,Homo sapiens,activating transcription factor 6 beta
NP_066385,56242,Homo sapiens,zinc finger protein 253
NP_002219,3725,Homo sapiens,jun oncogene
NP_004562,5316,Homo sapiens,PBX/knotted 1 homeobox 1
NP_619645,135644,Homo sapiens,tripartite motif-containing 40
NP_001269,1147,Homo sapiens,conserved helix-loop-helix ubiquitous kinase
NP_001476,2637,Homo sapiens,gastrulation brain homeobox 2
NP_067633,59336,Homo sapiens,PR domain containing 13
NP_001169,406,Homo sapiens,aryl hydrocarbon receptor nuclear translocator-like
NP_003022,6477,Homo sapiens,seven in absentia homolog 1 (Drosophila)
NP_058650,50945,Homo sapiens,T-box 22
NP_002159,3418,Homo sapiens,"isocitrate dehydrogenase 2 (NADP+), mitochondrial"
NP_001175,651921,Homo sapiens,ataxia telangiectasia and Rad3 related; similar to ataxia telangiectasia and Rad3 related protein
NP_001175,648152,Homo sapiens,ataxia telangiectasia and Rad3 related; similar to ataxia telangiectasia and Rad3 related protein
NP_001175,545,Homo sapiens,ataxia telangiectasia and Rad3 related; similar to ataxia telangiectasia and Rad3 related protein
NP_002660,5356,Homo sapiens,"pleiotropic regulator 1 (PRL1 homolog, Arabidopsis)"
NP_001179,600,Homo sapiens,BCL2-antagonist/killer 1; BCL2-like 7 pseudogene 1
NP_001179,578,Homo sapiens,BCL2-antagonist/killer 1; BCL2-like 7 pseudogene 1
NP_690004,148254,Homo sapiens,zinc finger protein 555
NP_150285,94234,Homo sapiens,forkhead box Q1
NP_690007,64344,Homo sapiens,"hypoxia inducible factor 3, alpha subunit"
NP_002171,3508,Homo sapiens,immunoglobulin mu binding protein 2
NP_659731,5606,Homo sapiens,mitogen-activated protein kinase kinase 3
NP_055160,24149,Homo sapiens,zinc finger protein 318
NP_005915,4223,Homo sapiens,mesenchyme homeobox 2
NP_005914,4217,Homo sapiens,mitogen-activated protein kinase kinase kinase 5
NP_005911,4209,Homo sapiens,myocyte enhancer factor 2D
NP_001180,579,Homo sapiens,NK3 homeobox 2
NP_003291,7187,Homo sapiens,TNF receptor-associated factor 3
NP_003911,8914,Homo sapiens,timeless homolog (Drosophila)
NP_060060,23264,Homo sapiens,zinc finger CCCH-type containing 7B
NP_003915,8929,Homo sapiens,paired-like homeobox 2b
NP_005179,867,Homo sapiens,Cas-Br-M (murine) ecotropic retroviral transforming sequence
NP_078779,59269,Homo sapiens,human immunodeficiency virus type I enhancer binding protein 3
NP_005178,863,Homo sapiens,"core-binding factor, runt domain, alpha subunit 2; translocated to, 3"
NP_694939,121536,Homo sapiens,AE binding protein 2
NP_061815,3166,Homo sapiens,H6 family homeobox 1
NP_078777,3231,Homo sapiens,homeobox D1
NP_003001,6416,Homo sapiens,mitogen-activated protein kinase kinase 4
NP_005171,648,Homo sapiens,BMI1 polycomb ring finger oncogene
NP_067076,56658,Homo sapiens,tripartite motif-containing 39
NP_002139,3236,Homo sapiens,homeobox D10
NP_796372,4009,Homo sapiens,"LIM homeobox transcription factor 1, alpha"
NP_055330,4848,Homo sapiens,"CCR4-NOT transcription complex, subunit 2"
NP_003289,7182,Homo sapiens,"nuclear receptor subfamily 2, group C, member 2"
NP_003288,7181,Homo sapiens,"nuclear receptor subfamily 2, group C, member 1"
NP_778243,54840,Homo sapiens,aprataxin
NP_001198,689,Homo sapiens,"basic transcription factor 3; basic transcription factor 3, like 1 pseudogene"
NP_001198,690,Homo sapiens,"basic transcription factor 3; basic transcription factor 3, like 1 pseudogene"
NP_078780,63978,Homo sapiens,PR domain containing 14
NP_001001419,4090,Homo sapiens,SMAD family member 5
NP_114124,83855,Homo sapiens,Kruppel-like factor 16
NP_002156,3397,Homo sapiens,"inhibitor of DNA binding 1, dominant negative helix-loop-helix protein"
NP_002158,3399,Homo sapiens,"inhibitor of DNA binding 3, dominant negative helix-loop-helix protein"
NP_002157,3398,Homo sapiens,"inhibitor of DNA binding 2, dominant negative helix-loop-helix protein"
NP_002154,3394,Homo sapiens,interferon regulatory factor 8
NP_060236,54897,Homo sapiens,castor zinc finger 1
NP_055138,23598,Homo sapiens,POZ (BTB) and AT hook containing zinc finger 1
NP_002149,3344,Homo sapiens,forkhead box N2
NP_005383,5253,Homo sapiens,PHD finger protein 2
NP_660160,207063,Homo sapiens,dehydrogenase/reductase (SDR family) X-linked
NP_778231,221895,Homo sapiens,JAZF zinc finger 1
NP_002690,5453,Homo sapiens,POU class 3 homeobox 1
NP_002691,5459,Homo sapiens,POU class 4 homeobox 3
NP_002692,5460,Homo sapiens,POU class 5 homeobox 1
NP_004421,1960,Homo sapiens,early growth response 3
NP_059134,54093,Homo sapiens,SET domain containing 4
NP_078920,79697,Homo sapiens,chromosome 14 open reading frame 169
NP_219488,91304,Homo sapiens,chromosome 19 open reading frame 6
NP_694995,256051,Homo sapiens,zinc finger protein 549
NP_003063,6597,Homo sapiens,"SWI/SNF related, matrix associated, actin dependent regulator of chromatin, subfamily a, member 4"
NP_003062,6596,Homo sapiens,helicase-like transcription factor
NP_004022,3665,Homo sapiens,interferon regulatory factor 7
NP_002899,5966,Homo sapiens,v-rel reticuloendotheliosis viral oncogene homolog (avian)
NP_742111,2139,Homo sapiens,eyes absent homolog 2 (Drosophila)
NP_149099,86614,Homo sapiens,"heat shock transcription factor, Y-linked 1; heat shock transcription factor, Y linked 2"
NP_149099,159119,Homo sapiens,"heat shock transcription factor, Y-linked 1; heat shock transcription factor, Y linked 2"
NP_055107,23466,Homo sapiens,chromobox homolog 6
NP_004415,1877,Homo sapiens,E4F transcription factor 1
NP_060937,55850,Homo sapiens,unconventional SNARE in the ER 1 homolog (S. cerevisiae)
NP_116142,84839,Homo sapiens,retina and anterior neural fold homeobox 2
NP_055392,23774,Homo sapiens,bromodomain containing 1
NP_064568,56938,Homo sapiens,aryl hydrocarbon receptor nuclear translocator-like 2
NP_116141,84838,Homo sapiens,zinc finger protein 496
NP_005163,474,Homo sapiens,atonal homolog 1 (Drosophila)
NP_057354,10365,Homo sapiens,Kruppel-like factor 2 (lung)
NP_060012,57645,Homo sapiens,pogo transposable element with KRAB domain
NP_078915,79692,Homo sapiens,zinc finger protein 322A
NP_660186,5609,Homo sapiens,mitogen-activated protein kinase kinase 7
NP_057349,5387,Homo sapiens,postmeiotic segregation increased 2-like 3; zinc finger protein 12
NP_057349,7559,Homo sapiens,postmeiotic segregation increased 2-like 3; zinc finger protein 12
NP_057348,51710,Homo sapiens,zinc finger protein 44
NP_009233,672,Homo sapiens,"breast cancer 1, early onset"
NP_055368,29842,Homo sapiens,transcription factor CP2-like 1
NP_068556,3170,Homo sapiens,forkhead box A2
NP_055367,29841,Homo sapiens,grainyhead-like 1 (Drosophila)
NP_002187,3642,Homo sapiens,insulinoma-associated 1
NP_115896,84547,Homo sapiens,piggyBac transposable element derived 1
NP_619527,10018,Homo sapiens,BCL2-like 11 (apoptosis facilitator)
NP_060000,55565,Homo sapiens,zinc finger protein 821
NP_078947,79724,Homo sapiens,zinc finger protein 768
NP_003044,6570,Homo sapiens,"solute carrier family 18 (vesicular monoamine), member 1"
NP_115485,23440,Homo sapiens,orthopedia homeobox
NP_003243,7073,Homo sapiens,TIA1 cytotoxic granule-associated RNA binding protein-like 1
NP_060520,54682,Homo sapiens,MANSC domain containing 1
NP_002383,4193,Homo sapiens,Mdm2 p53 binding protein homolog (mouse)
NP_060521,55112,Homo sapiens,WD repeat domain 60
NP_071762,64218,Homo sapiens,"sema domain, immunoglobulin domain (Ig), transmembrane domain (TM) and short cytoplasmic domain, (semaphorin) 4A"
NP_067039,58491,Homo sapiens,zinc finger protein 71
NP_005140,9095,Homo sapiens,T-box 19
NP_694989,92283,Homo sapiens,zinc finger protein 461
NP_115887,84528,Homo sapiens,"Rhox homeobox family, member 2"
NP_002191,3663,Homo sapiens,interferon regulatory factor 5
NP_689500,92822,Homo sapiens,zinc finger protein 276
NP_443210,114088,Homo sapiens,tripartite motif-containing 9
NP_002390,4212,Homo sapiens,Meis homeobox 2
NP_067040,58492,Homo sapiens,zinc finger protein 77
NP_004405,1827,Homo sapiens,regulator of calcineurin 1
NP_004611,7189,Homo sapiens,TNF receptor-associated factor 6
NP_872337,197320,Homo sapiens,zinc finger protein 778
NP_004407,1840,Homo sapiens,deltex homolog 1 (Drosophila)
NP_006863,11036,Homo sapiens,"stonin 1; STON1-GTF2A1L readthrough transcript; general transcription factor IIA, 1-like"
NP_006863,11037,Homo sapiens,"stonin 1; STON1-GTF2A1L readthrough transcript; general transcription factor IIA, 1-like"
NP_006863,286749,Homo sapiens,"stonin 1; STON1-GTF2A1L readthrough transcript; general transcription factor IIA, 1-like"
NP_006865,1998,Homo sapiens,E74-like factor 2 (ets domain transcription factor)
NP_689790,158506,Homo sapiens,zinc finger protein 645
NP_067014,58158,Homo sapiens,neurogenic differentiation 4
NP_005988,6944,Homo sapiens,vacuolar protein sorting 72 homolog (S. cerevisiae)
NP_006862,11035,Homo sapiens,receptor-interacting serine-threonine kinase 3
NP_057104,51106,Homo sapiens,"transcription factor B1, mitochondrial"
NP_071345,63876,Homo sapiens,PBX/knotted 1 homeobox 2
NP_003989,4790,Homo sapiens,nuclear factor of kappa light polypeptide gene enhancer in B-cells 1
NP_065390,4792,Homo sapiens,"nuclear factor of kappa light polypeptide gene enhancer in B-cells inhibitor, alpha"
NP_005306,2928,Homo sapiens,goosecoid homeobox 2
NP_005110,9967,Homo sapiens,thyroid hormone receptor associated protein 3
NP_061025,55422,Homo sapiens,zinc finger protein 331
NP_078967,79744,Homo sapiens,zinc finger protein 419
NP_057304,51427,Homo sapiens,zinc finger protein 107
NP_064511,56848,Homo sapiens,sphingosine kinase 2
NP_062559,56270,Homo sapiens,WDR45-like
NP_005998,7763,Homo sapiens,"similar to zinc finger, AN1-type domain 5; zinc finger, AN1-type domain 5"
NP_005998,732229,Homo sapiens,"similar to zinc finger, AN1-type domain 5; zinc finger, AN1-type domain 5"
NP_005325,3054,Homo sapiens,host cell factor C1 (VP16-accessory protein)
NP_002866,5888,Homo sapiens,"RAD51 homolog (RecA homolog, E. coli) (S. cerevisiae)"
NP_005326,3059,Homo sapiens,hematopoietic cell-specific Lyn substrate 1
NP_003098,6659,Homo sapiens,SRY (sex determining region Y)-box 4
NP_112157,79943,Homo sapiens,zinc finger protein 696
NP_003099,6664,Homo sapiens,SRY (sex determining region Y)-box 11
NP_057123,51637,Homo sapiens,chromosome 14 open reading frame 166
NP_148977,89122,Homo sapiens,tripartite motif-containing 4
NP_004856,9519,Homo sapiens,TBP-like 1
NP_004074,1649,Homo sapiens,DNA-damage-inducible transcript 3
NP_057507,51222,Homo sapiens,zinc finger protein 219
NP_003473,8085,Homo sapiens,myeloid/lymphoid or mixed-lineage leukemia 2
NP_690873,147694,Homo sapiens,zinc finger protein 548
NP_036391,23493,Homo sapiens,hypothetical LOC100129733; hairy/enhancer-of-split related with YRPW motif 2
NP_036391,100129733,Homo sapiens,hypothetical LOC100129733; hairy/enhancer-of-split related with YRPW motif 2
NP_004843,9480,Homo sapiens,one cut homeobox 2
NP_056457,26137,Homo sapiens,zinc finger and BTB domain containing 20
NP_057344,22807,Homo sapiens,IKAROS family zinc finger 2 (Helios)
NP_039236,5081,Homo sapiens,paired box 7
NP_892113,6464,Homo sapiens,SHC (Src homology 2 domain containing) transforming protein 1
NP_005977,6656,Homo sapiens,SRY (sex determining region Y)-box 1
NP_003480,8204,Homo sapiens,nuclear receptor interacting protein 1
NP_006609,100133760,Homo sapiens,"similar to Jumonji, AT rich interactive domain 1B (RBP2-like); lysine (K)-specific demethylase 5B"
NP_006609,10765,Homo sapiens,"similar to Jumonji, AT rich interactive domain 1B (RBP2-like); lysine (K)-specific demethylase 5B"
NP_004840,9474,Homo sapiens,ATG5 autophagy related 5 homolog (S. cerevisiae)
NP_057705,51317,Homo sapiens,PHD finger protein 21A
NP_733752,6945,Homo sapiens,MAX-like protein X
NP_036389,26959,Homo sapiens,HMG-box transcription factor 1
NP_003074,6618,Homo sapiens,"small nuclear RNA activating complex, polypeptide 2, 45kDa"
NP_056671,4152,Homo sapiens,methyl-CpG binding domain protein 1
NP_005986,347853,Homo sapiens,T-box 10
NP_775927,285267,Homo sapiens,zinc finger protein 619
NP_008963,11078,Homo sapiens,TRIO and F-actin binding protein
NP_005356,728269,Homo sapiens,"melanoma antigen family A, 9; melanoma antigen family A, 9B"
NP_005356,4108,Homo sapiens,"melanoma antigen family A, 9; melanoma antigen family A, 9B"
NP_443089,91603,Homo sapiens,zinc finger protein 830
NP_208384,85441,Homo sapiens,peroxisomal proliferator-activated receptor A interacting complex 285
NP_765978,4772,Homo sapiens,"nuclear factor of activated T-cells, cytoplasmic, calcineurin-dependent 1"
NP_005351,4094,Homo sapiens,v-maf musculoaponeurotic fibrosarcoma oncogene homolog (avian)
NP_005350,4089,Homo sapiens,SMAD family member 4
NP_005946,4520,Homo sapiens,metal-regulatory transcription factor 1
NP_055198,27033,Homo sapiens,zinc finger and BTB domain containing 32
NP_005349,4008,Homo sapiens,LIM domain 7
NP_787071,147912,Homo sapiens,SIX homeobox 5
NP_055594,9819,Homo sapiens,"TSC22 domain family, member 2"
NP_005366,4602,Homo sapiens,v-myb myeloblastosis viral oncogene homolog (avian)
NP_006183,5075,Homo sapiens,paired box 1
NP_689952,3205,Homo sapiens,homeobox A9
NP_542378,6899,Homo sapiens,T-box 1
NP_060730,55762,Homo sapiens,zinc finger protein 701
NP_078997,79776,Homo sapiens,zinc finger homeobox 4
NP_689948,221504,Homo sapiens,zinc finger and BTB domain containing 9
NP_068779,4170,Homo sapiens,myeloid cell leukemia sequence 1 (BCL2-related)
NP_689568,126068,Homo sapiens,zinc finger protein 441
NP_006828,10987,Homo sapiens,COP9 constitutive photomorphogenic homolog subunit 5 (Arabidopsis)
NP_689569,126069,Homo sapiens,zinc finger protein 491
NP_898901,9025,Homo sapiens,ring finger protein 8
NP_004898,9592,Homo sapiens,immediate early response 2
NP_068777,3142,Homo sapiens,H2.0-like homeobox
NP_005929,4303,Homo sapiens,forkhead box O4
NP_005333,729595,Homo sapiens,similar to high mobility group box 3; high-mobility group box 3
NP_005333,646993,Homo sapiens,similar to high mobility group box 3; high-mobility group box 3
NP_005333,3149,Homo sapiens,similar to high mobility group box 3; high-mobility group box 3
NP_005333,729952,Homo sapiens,similar to high mobility group box 3; high-mobility group box 3
NP_064507,56888,Homo sapiens,potassium channel modulatory factor 1
NP_004895,9586,Homo sapiens,cAMP responsive element binding protein 5
NP_055894,23102,Homo sapiens,"TBC1 domain family, member 2B"
NP_063940,56616,Homo sapiens,diablo homolog (Drosophila)
NP_005924,4297,Homo sapiens,"myeloid/lymphoid or mixed-lineage leukemia (trithorax homolog, Drosophila)"
NP_005926,4299,Homo sapiens,"AF4/FMR2 family, member 1"
NP_071911,64376,Homo sapiens,IKAROS family zinc finger 5 (Pegasus)
NP_004082,1870,Homo sapiens,E2F transcription factor 2
NP_055175,26257,Homo sapiens,NK2 homeobox 8
NP_689573,126231,Homo sapiens,zinc finger protein 573
NP_689570,126070,Homo sapiens,zinc finger protein 440
NP_071910,64375,Homo sapiens,IKAROS family zinc finger 4 (Eos)
NP_077819,80317,Homo sapiens,zinc finger with KRAB and SCAN domains 3
NP_005328,3071,Homo sapiens,NCK-associated protein 1-like
NP_004089,2018,Homo sapiens,empty spiracles homeobox 2
NP_060087,4851,Homo sapiens,"Notch homolog 1, translocation-associated (Drosophila)"
NP_002653,5337,Homo sapiens,"phospholipase D1, phosphatidylcholine-specific"
NP_008998,11143,Homo sapiens,MYST histone acetyltransferase 2; similar to MYST histone acetyltransferase 2
NP_008998,648927,Homo sapiens,MYST histone acetyltransferase 2; similar to MYST histone acetyltransferase 2
NP_005347,3932,Homo sapiens,lymphocyte-specific protein tyrosine kinase
NP_068762,60685,Homo sapiens,"zinc finger, AN1-type domain 3"
NP_037483,30009,Homo sapiens,T-box 21
NP_443092,91975,Homo sapiens,zinc finger protein 300
NP_005742,10142,Homo sapiens,A kinase (PRKA) anchor protein (yotiao) 9
NP_057180,51123,Homo sapiens,zinc finger protein 706
NP_004094,2185,Homo sapiens,PTK2B protein tyrosine kinase 2 beta
NP_005739,10138,Homo sapiens,YY1 associated factor 2
NP_055186,26993,Homo sapiens,A kinase (PRKA) anchor protein 8-like
NP_112174,81603,Homo sapiens,tripartite motif-containing 8
NP_783552,862,Homo sapiens,"runt-related transcription factor 1; translocated to, 1 (cyclin D-related)"
NP_002644,5307,Homo sapiens,paired-like homeodomain 1
